{"cameraMode":{"drawMode":0,"name":"Shaded","section":"Shading Mode"},"sceneLighting":false,"audioPlay":false,"sceneViewState":{"showFog":true,"showMaterialUpdate":false,"showSkybox":false,"showFlares":true,"showImageEffects":true,"showParticleSystems":true},"in2DMode":false,"pivot":{"x":-2.4113218784332277,"y":2.1499674320220949,"z":2.1643567085266115},"rotation":{"x":-0.0331922248005867,"y":0.8331887125968933,"z":-0.050310250371694568,"w":-0.5496959686279297},"size":5.172797679901123,"orthographic":false}