{"cameraMode":{"drawMode":0,"name":"Shaded","section":"Shading Mode"},"sceneLighting":true,"audioPlay":false,"sceneViewState":{"showFog":true,"showMaterialUpdate":false,"showSkybox":true,"showFlares":true,"showImageEffects":true,"showParticleSystems":true},"in2DMode":false,"pivot":{"x":-3.188563346862793,"y":2.9059109687805177,"z":3.707059144973755},"rotation":{"x":-0.046481192111968997,"y":0.7933149933815002,"z":-0.0610542930662632,"w":-0.6039570569992065},"size":10.0,"orthographic":false}